Path Length,Path Nodes,Smooth Length,Smooth Nodes,Total Nodes,Time Taken
78.82434729609874,41,73.68207673769068,43,569,0.9637188911437988
79.05747685957424,41,73.47292159551458,43,136,0.11691975593566895
80.76759786030935,43,74.16474506650643,45,610,0.5829184055328369
88.4506846147381,47,81.14344800374454,49,792,0.7644846439361572
86.03892415574714,47,78.21620301808872,49,1590,1.8806867599487305
89.57263827779015,48,85.1055109116703,50,809,0.7448420524597168
98.99554264167763,52,91.2699935620357,54,428,0.362795352935791
82.64110770706077,45,77.64538282026989,47,766,0.7715792655944824
86.50203741801556,47,80.56440872100262,49,742,0.7098987102508545
79.29365943515427,42,75.02589003590136,44,1405,1.6515991687774658
91.64462984897268,49,82.17526256089808,51,1004,1.0251646041870117
92.42356729996686,48,85.60914160132087,50,440,0.4094691276550293
94.1942415093395,51,84.91763734042064,53,864,0.8418350219726562
95.42897063260057,50,87.0494634874812,52,746,0.715670108795166
91.15618217946903,49,84.49084779365643,51,752,0.730703592300415
83.6003491513252,44,78.38808967957449,46,605,0.5194947719573975
70.52395713082747,37,64.3875675243678,39,480,0.4091033935546875
79.84453052800845,42,76.4369098829213,44,315,0.25446653366088867
85.34136599779495,45,77.6070103969048,47,507,0.4561169147491455
81.32597656419186,43,76.20300287077723,45,818,0.7680346965789795
85.5446591786477,45,77.36879466951869,47,381,0.31763291358947754
90.48382948750798,49,84.49337064650705,51,1135,1.2236990928649902
92.53646798367453,49,85.10019642384903,51,1109,1.2051613330841064
77.66841287121704,44,70.94859136311086,46,691,0.6558370590209961
85.79527462757544,46,77.53739213392892,48,768,0.7373642921447754
85.1537603943305,45,78.7805814860905,47,757,0.6971323490142822
83.58150766966179,44,77.36867867909321,46,747,0.7288341522216797
79.68608859942587,43,74.59128078791751,45,492,0.4227488040924072
78.50480758234288,41,70.56708067909892,43,565,0.4918406009674072
94.92041444308435,51,87.02082215375026,53,724,0.731367826461792
82.73512591906625,44,77.80357018099154,46,669,0.620619535446167
87.05661789904704,46,76.10488147114573,48,789,0.734778642654419
84.83714258970599,46,78.8944382492876,48,635,0.6090929508209229
90.16908046073704,47,83.1905113063662,49,359,0.29862356185913086
75.31417997082126,41,71.44736415848786,43,1181,1.2352204322814941
81.84421804398319,43,74.83228701897715,45,503,0.45241308212280273
82.62173949108146,43,73.01009534729985,45,571,0.5003447532653809
98.01156711663249,52,89.17642372383537,54,804,0.7951509952545166
88.74239718332481,47,82.96182865752509,49,693,0.6629865169525146
78.19290720863953,41,71.17960275442135,43,757,0.7593047618865967
80.38468285433584,43,73.60867149824202,45,324,0.2777109146118164
94.37833967587666,51,87.2329025741344,53,1381,1.5622503757476807
104.5517938766332,56,93.38835873681475,58,1180,1.2697515487670898
91.66784334587102,49,85.94527879080094,51,627,0.5749659538269043
81.60787618877673,42,73.97161923033967,44,410,0.34320855140686035
81.13237420543275,44,74.68095653440264,46,541,0.4710557460784912
75.65081016718513,40,68.0843614426305,42,440,0.38286375999450684
92.79571383761635,51,83.72126519162869,53,1643,2.0105531215667725
84.14826282507012,45,77.46824324499305,47,742,0.7096037864685059
84.3792084234487,44,75.71069346916244,46,437,0.3584299087524414
86.774200543153,46,80.42656344359968,48,612,0.571192741394043
89.21180655158005,48,82.37395075651652,50,629,0.578056812286377
90.49725370746756,48,84.26929839107274,50,523,0.4651505947113037
85.69248917422865,46,76.82410833837484,48,459,0.40653514862060547
80.64013049979185,42,73.66082490896721,44,416,0.34810829162597656
92.80116682758619,48,83.9029301129201,50,688,0.6349494457244873
76.2620404701498,40,71.74220423678452,42,504,0.47827887535095215
91.94377275868378,48,84.19860237875612,50,639,0.5956697463989258
80.87397742771694,43,74.35474597935092,45,406,0.35936474800109863
87.71060819255972,46,80.6058061909857,48,411,0.37813758850097656
99.33293336436131,53,92.6350193992121,55,549,0.49680233001708984
87.57167442842112,46,82.87993235102391,48,213,0.167283296585083
84.48043209603924,44,74.81043473223474,46,553,0.4907565116882324
89.07479284184215,46,84.2258987505764,48,283,0.25377535820007324
84.75234120712614,44,80.19731200586348,46,387,0.32933688163757324
84.019523856407,44,75.25990028543093,46,954,0.9635822772979736
87.77130844984188,45,80.6694200835984,47,373,0.32254934310913086
92.45514816542278,49,80.51453742705526,51,434,0.37398457527160645
76.53718666578244,41,70.64472430501844,43,1877,2.383838176727295
84.47726528750822,45,76.99070537259044,47,528,0.47654056549072266
89.65957063988316,47,82.55926614993615,49,969,0.9642126560211182
86.66347932772202,45,78.59329334868744,47,378,0.3110344409942627
91.52064459448387,50,83.64770650656313,52,621,0.5740039348602295
88.48010928160694,46,80.30991445940163,48,598,0.5607714653015137
81.98259909385328,44,74.79252610391939,46,646,0.6017248630523682
74.90149702677726,39,69.42701357026444,41,565,0.5069534778594971
75.93976628318075,39,69.2230797708555,41,142,0.10703110694885254
89.39024937265845,47,82.80476288756977,49,519,0.47725462913513184
87.2759918678884,46,80.34049776408291,48,603,0.5538983345031738
80.43556761524974,44,74.18513809886288,46,578,0.5038843154907227
93.88846070631173,50,86.23705044879343,52,411,0.3719470500946045
108.28016507877818,56,101.94149711624378,58,689,0.6655807495117188
81.93626893531945,42,76.0975221478683,44,372,0.3238656520843506
84.37743849941467,44,77.38927509829658,46,629,0.5680398941040039
92.55043845589398,49,83.2778202977941,51,1366,1.5467352867126465
89.207354249654,48,83.66947136399294,50,576,0.5586681365966797
82.94311612090479,45,75.2617850435013,47,506,0.45941162109375
82.4560437176608,45,75.96426821865657,47,1048,1.0919218063354492
101.10885359552032,55,89.46839575207414,57,1166,1.3341789245605469
84.6357681167784,44,77.08107935019154,46,440,0.38612914085388184
79.42402693604507,42,72.43601508337056,44,438,0.3790276050567627
84.90397684222845,44,73.68836673336627,46,375,0.32738280296325684
74.4540797918124,40,68.26718285548269,42,571,0.5240349769592285
91.92748825529947,48,83.72813478702338,50,780,0.7072255611419678
101.00646315802791,53,91.41777539003377,55,486,0.4267244338989258
80.00361789202253,42,73.38782066598579,44,349,0.3075292110443115
81.50990818128315,46,75.27828768894362,48,1123,1.1818645000457764
92.43193508592468,49,84.0831461358345,51,379,0.32997751235961914
82.39498633340479,44,75.2890180026186,46,549,0.500708818435669
88.5148980926844,47,81.05869201038027,49,355,0.29746150970458984
85.79238995551124,46,76.65681138572124,48,1030,1.066455364227295
84.35015152208109,45,79.06360748600977,47,753,0.7039670944213867
96.30630888834233,51,87.07581780514545,53,1213,1.377638339996338
80.58143793726435,43,74.38541080574414,45,304,0.243943452835083
94.70358411323906,50,86.22415243355051,52,673,0.62640380859375
96.41956202788127,53,88.19852051007531,55,1413,1.5956063270568848
79.71469441420915,43,71.91360574617913,45,569,0.4908466339111328
85.85878475104367,47,77.07854041778498,49,511,0.4504880905151367
95.56326087943201,49,87.25289268560853,51,689,0.6444802284240723
87.76097566754683,47,80.19538748040014,49,619,0.5915384292602539
71.62897870257987,38,66.410898445336,40,366,0.3123302459716797
96.22434885854594,50,89.03803329805852,52,709,0.6662108898162842
93.14192863538713,49,83.32901407042533,51,519,0.45314550399780273
86.5095581784504,46,78.2718903112741,48,612,0.5489211082458496
98.95439389440224,55,89.7841664799827,57,1135,1.2181644439697266
83.66284262808071,44,75.08050939706092,46,379,0.3037574291229248
87.55249398643396,48,80.18222198714034,50,748,0.7243962287902832
87.47855579593687,46,79.89938699458233,48,438,0.375460147857666
84.00594602482809,45,75.13964886990061,47,591,0.5391952991485596
80.93132344013857,43,75.59753157779997,45,1425,1.6493721008300781
97.02004445107167,51,87.71262685464869,53,612,0.5750935077667236
91.46938521830528,49,83.0100872922327,51,1044,1.1051981449127197
80.9552029480121,42,76.04300785602925,44,490,0.4330627918243408
91.98778926460477,49,83.05855603044937,51,869,0.8942749500274658
88.22061773366492,46,82.71213215006581,48,440,0.38121581077575684
85.10551101239143,46,79.26123484433316,48,1058,1.0963027477264404
89.26510025160943,47,79.52585749977767,49,688,0.6524090766906738
86.55691194721084,46,77.33496424488081,48,858,0.8784763813018799
87.6202245934867,46,79.26906908067974,48,794,0.781358003616333
85.0297881890022,46,78.90536622972206,48,754,0.7315192222595215
100.2547988258902,53,92.61155396615273,55,736,0.8217110633850098
83.16826982916507,43,78.76825455384089,45,405,0.3545351028442383
80.94491674130954,44,77.33887875395521,46,461,0.3790154457092285
85.87202130498686,44,80.35983644904232,46,270,0.22291851043701172
88.5606852969102,46,80.84881261082157,48,420,0.362255334854126
78.4193081453138,43,72.45497387235613,45,1142,1.2707345485687256
91.79138667807803,48,83.82503823524223,50,805,0.8411500453948975
79.63992374055485,42,72.58574480841335,44,327,0.267819881439209
87.14668521199592,46,79.98800194027287,48,954,0.9561078548431396
78.19108078639267,43,69.71072629504614,45,701,0.6668648719787598
89.85594040677613,47,85.03956489223262,49,730,0.6939060688018799
90.58575886079655,47,84.38940870599882,49,323,0.278273344039917
80.98135462735642,46,73.10454283722072,48,1035,1.0961418151855469
85.06799782534564,45,77.34209951567281,47,568,0.5602812767028809
92.06770080473783,49,80.9629601147919,51,1033,1.1232872009277344
95.493124491436,51,86.889493672546,53,1234,1.3510065078735352
82.88525659141487,45,74.89919851588567,47,753,0.7003657817840576
81.81483682254695,43,74.4842981535113,45,486,0.40305638313293457
85.45399041445084,47,78.02462607409771,49,744,0.7304964065551758
75.55399548289621,39,69.88491679004869,41,797,0.7780568599700928
91.58089208707726,48,81.7262558409809,50,642,0.5809757709503174
80.07483061087957,46,73.45041902753327,48,821,0.798994779586792
77.24019861931428,42,70.93175516912385,44,505,0.5007243156433105
88.93513529241565,47,80.0289569450883,49,471,0.4318711757659912
94.7437404060879,51,86.02451270295637,53,1057,1.1349437236785889
86.10407760173491,46,80.73385203544196,48,720,0.6665844917297363
83.05431885347659,44,74.67756472955183,46,751,0.7251701354980469
75.0852247266205,40,69.78122623402388,42,493,0.4238872528076172
89.0617374079903,46,82.35245515465834,48,541,0.5310685634613037
88.28477894473319,47,81.77715023283746,49,775,0.7279953956604004
97.85973097111209,52,89.16835480015176,54,560,0.5241754055023193
88.1209144051785,46,80.30043662028832,48,448,0.36521482467651367
75.98730330100854,39,67.71316514803267,41,511,0.4733877182006836
92.21574656814603,50,85.99586305940423,52,1464,1.7130019664764404
85.62694733401722,47,79.0407449136885,49,1025,1.0369868278503418
85.89338542026685,45,78.22645988356808,47,488,0.4416968822479248
108.2352115569763,58,95.5853581159132,60,659,0.6220998764038086
84.42798576249538,45,78.91458614635673,47,923,0.9394235610961914
89.75596272683457,46,82.01673863450938,48,600,0.5449240207672119
82.82255516427011,44,76.18430266522941,46,1053,1.136723279953003
89.63771297048241,48,81.81229654498496,50,521,0.4535815715789795
82.68342169192633,44,74.46716316750805,46,818,0.7967267036437988
88.71451122011607,47,81.91686908801968,49,669,0.6209940910339355
89.68293077288133,48,80.1650146456256,50,817,0.8057417869567871
82.60170146508727,46,75.72762538861866,48,775,0.7635684013366699
80.7860718470305,44,75.45281156717773,46,410,0.3373584747314453
85.83731294394792,45,80.86951882024728,47,663,0.6318280696868896
93.14917957505031,48,86.0166140558391,50,538,0.49430227279663086
83.73682171489115,44,76.58025049810283,46,438,0.38630008697509766
80.9029782408602,45,74.75026218553482,47,1352,1.588860034942627
84.32599359242549,45,78.7877368884821,47,696,0.6780178546905518
84.03530511024093,44,76.27530160830497,46,1124,1.1715755462646484
87.10320297231486,46,79.16402970153148,48,986,1.0702474117279053
93.8463486442666,50,86.01546518134225,52,883,0.8916583061218262
87.89305010126745,48,81.33461920701542,50,901,0.8989043235778809
90.40539634599828,48,82.99605464858784,50,498,0.465975284576416
101.54397065477474,56,92.19139912813488,58,998,0.9916491508483887
89.50982975594683,48,80.44103643366176,50,607,0.5270020961761475
85.92872184440053,46,78.8302185969227,48,776,0.7404325008392334
85.54362808340599,45,77.23640141301348,47,588,0.565704345703125
87.53852681703425,47,77.89378693569527,49,580,0.5131423473358154
77.32575676019314,41,70.15600041825306,43,1033,1.085700511932373
91.05313667514987,48,81.50775718084643,50,633,0.6193509101867676
80.11338138752633,43,73.3559545822144,45,697,0.6522934436798096
79.43410479675924,43,72.80795983832161,45,1229,1.3298192024230957
76.85090441708682,40,70.42129638771819,42,721,0.7132930755615234
91.02833262734045,47,84.24317079332508,49,664,0.619420051574707
85.82493879415017,46,77.16610749508312,48,475,0.40479278564453125
90.78234248329997,48,83.96308513430449,50,456,0.3859529495239258
85.58051733997176,44,76.97603476822393,46,475,0.39774107933044434
99.41327286461225,55,89.1033201992654,57,1215,1.3518548011779785
92.1366630609397,50,84.34574516641086,52,491,0.42950868606567383
100.08304022327049,54,91.26037239474142,56,780,0.7558164596557617
93.98816326742556,50,86.34917860472667,52,514,0.4516630172729492
90.78932960106556,49,81.91831251600226,51,562,0.5192310810089111
79.11489138150492,43,71.97296051386489,45,879,0.8312380313873291
87.78340384794262,48,81.22428112019968,50,683,0.635869026184082
91.17886838115699,47,84.3978342348626,49,369,0.3271024227142334
92.23571161788695,49,84.67853285555135,51,394,0.3395528793334961
76.43520320830092,40,72.16040862853248,42,222,0.14704227447509766
83.30944775286305,45,77.23257879564275,47,561,0.5177221298217773
94.92541968021042,49,88.35181986892735,51,370,0.3158302307128906
85.2168652002714,48,77.34584045788654,50,983,0.9646830558776855
93.85112402976354,49,87.06011401980973,51,355,0.29728269577026367
88.64553620077791,47,80.34434559178872,49,1266,1.4584355354309082
84.40881322707959,45,75.02020672305544,47,528,0.4787297248840332
86.36461484629393,46,79.77191858680015,48,912,0.9196634292602539
86.67860090544555,45,79.24244133452751,47,742,0.6900453567504883
91.99648616120632,48,87.02041318880447,50,552,0.506838321685791
86.18259821304497,45,78.61863738074307,47,695,0.6934678554534912
82.96893680395003,43,74.96641730577774,45,570,0.5122900009155273
77.08067558426646,41,70.68904906231145,43,587,0.5019786357879639
74.30762488063586,42,68.42274663020464,44,1174,1.282426357269287
80.1282056357087,42,72.42856744226845,44,648,0.6139199733734131
85.30344201879859,45,78.76634368803397,47,488,0.44911837577819824
90.87602777906541,49,81.12319116328958,51,971,0.98624587059021
81.03835942272997,42,75.90703971606858,44,369,0.31861233711242676
87.32936665982683,47,78.67341248656527,49,785,0.7608389854431152
73.76977625300592,41,69.39094741013078,43,874,0.8491618633270264
74.1598175237131,39,67.3308748344892,41,592,0.5569713115692139
77.91761338201344,40,71.36801449295311,42,517,0.4399244785308838
93.05592778909141,50,84.09834174994954,52,1127,1.195979356765747
98.21769140068969,53,89.71047057843874,55,719,0.715263843536377
79.67245263438126,43,74.1438786068057,45,744,0.7187821865081787
92.1240724018053,49,84.64495374138751,51,864,0.88435959815979
86.66933844780321,46,79.79319698962112,48,666,0.6242976188659668
93.67075866413464,50,83.99884307759159,52,714,0.7034809589385986
83.19447792590205,45,77.44977575031027,47,430,0.37883901596069336
86.45763893260126,47,79.4036709547281,49,773,0.7104320526123047
86.26112478921551,45,78.26725936040435,47,437,0.3696136474609375
69.96103432228807,37,66.64809644908308,39,769,0.773618221282959
83.90049182432988,44,76.2437943418422,46,384,0.33442139625549316
85.77180651931613,46,78.13190108003013,48,277,0.2215723991394043
89.18278463066092,48,83.02038332615491,50,784,0.7977890968322754
97.68935077398537,53,88.47397618871389,55,886,0.9265260696411133
85.9430217690758,45,80.79080754970241,47,456,0.4170408248901367
87.30854136980057,46,80.43486107882718,48,930,0.9102861881256104
81.33717412145143,43,76.27938463467119,45,390,0.3365499973297119
88.01697755688728,47,81.05396141451887,49,994,1.0093085765838623
87.80997987456178,46,80.16789657713062,48,448,0.37696409225463867
84.34957787792992,44,75.99656983132013,46,522,0.48108935356140137
81.86991024412768,43,74.83275438981775,45,658,0.6425516605377197
98.6954125041805,56,88.99707982070319,58,1853,2.4250099658966064
95.21359683127233,50,86.87608562799365,52,661,0.6413865089416504
75.74273824910293,40,69.56281720006733,42,578,0.5537045001983643
88.73570442279131,47,83.88631157498828,49,635,0.6308078765869141
82.21182452609371,44,74.195637257715,46,583,0.5270869731903076
83.51428146676596,45,78.55275151897344,47,637,0.5702650547027588
78.8094778420774,43,73.31110003711032,45,512,0.48076391220092773
80.90659586371325,45,74.37743958790962,47,725,0.6800844669342041
85.16832493062677,47,78.93261814557778,49,771,0.7797257900238037
86.97179231748324,47,79.29149132848636,49,1337,1.535952091217041
84.8427986313172,46,77.96735086425885,48,851,0.8908963203430176
86.84988130160929,48,82.52296386195982,50,728,0.6891725063323975
75.67824995846327,40,70.12605121038284,42,482,0.43668103218078613
77.86888553326412,41,73.29387746980694,43,337,0.29845595359802246
94.92705755679441,51,83.85323413789786,53,1309,1.4687376022338867
93.86124329709342,49,85.39587024690012,51,568,0.5002322196960449
84.27098186148805,46,78.97301225935348,48,651,0.6025662422180176
86.90933290429928,47,79.215952700466,49,966,0.9635062217712402
91.35677892635785,48,84.11434752621626,50,692,0.6473150253295898
87.16483265189525,48,80.13718078888537,50,1816,2.3652541637420654
75.0916418242048,41,66.56600944794555,43,926,0.9127671718597412
86.0,44,78.55728042679569,46,388,0.3328433036804199
93.63328270280157,48,84.4055935811819,50,868,0.862548828125
88.29840616974784,47,79.99801534573157,49,819,0.7797892093658447
76.9736123499447,41,69.95542628058465,43,720,0.6679067611694336
90.94782588833733,48,83.99457891585404,50,892,0.8657150268554688
97.87693925871392,51,90.36357218288623,53,376,0.34899425506591797
81.06504655393866,43,75.77023088402,45,704,0.668048620223999
83.96673352276248,44,77.52061925535574,46,453,0.38779139518737793
97.64115293832499,52,87.6669678903988,54,589,0.580941915512085
84.35224220902826,46,77.78206663764418,48,581,0.5165557861328125
86.25103747766045,46,76.42828463363219,48,809,0.813884973526001
84.64569667895803,45,77.2143302339626,47,444,0.3881545066833496
89.60072374093944,49,83.29355244966287,51,783,0.7488155364990234
93.4077004011908,49,85.76811369709505,51,650,0.5645971298217773
76.00702337811477,41,68.2275548147293,43,1315,1.4608495235443115
85.81166767131776,44,79.85661345999502,46,361,0.30376124382019043
87.39657847980725,47,79.27557701137425,49,677,0.6317389011383057
99.5461006541291,55,91.31414741771067,57,981,1.0304546356201172
84.07792679566387,46,77.06903728721073,48,1014,1.0794775485992432
100.54549130710424,54,89.75817110927089,56,1011,1.0724208354949951
90.49171411533821,48,82.02343733710902,50,820,0.7948532104492188
85.3201801340328,47,78.94370818930747,49,938,0.9640905857086182
86.0,44,77.17399217062054,46,477,0.41364073753356934
80.91364609004322,42,74.62326353906639,44,522,0.47864675521850586
98.14225628668854,52,90.18420264096827,54,386,0.33826375007629395
98.13650485786572,52,85.37841389110827,54,654,0.6071679592132568
81.8681572582843,44,73.6443007351668,46,492,0.44014668464660645
97.28935601075959,52,88.43491184255092,54,1364,1.5503668785095215
87.04316772332325,49,81.7717691126303,51,983,0.9822256565093994
82.62331798852586,44,77.13918777855226,46,909,0.9015040397644043
100.17846990679152,53,91.19849835274088,55,716,0.6534922122955322
90.62030926383318,49,83.68354758352228,51,449,0.39076924324035645
96.28350243542286,52,88.39113520699897,54,945,0.9882748126983643
91.93313820038907,49,84.08415220856786,51,794,0.7888624668121338
86.06655203758008,48,80.635149309075,50,1168,1.2474064826965332
90.77696454674489,48,80.66103655968125,50,1048,1.0931532382965088
88.537694737369,46,81.8745861318661,48,683,0.6461093425750732
89.34431871729048,46,81.08024646955555,48,446,0.36197328567504883
89.18976235048896,47,83.60184048415645,49,722,0.7092654705047607
91.10275186038594,48,82.13179152877952,50,915,0.9479818344116211
90.56695171826718,47,83.08298663912608,49,570,0.5090174674987793
90.19462541750376,48,83.39407095606448,50,741,0.6839420795440674
89.29894986338799,46,79.48878490575197,48,565,0.5152308940887451
85.95455192498956,49,77.29441328808605,51,857,0.8515081405639648
89.23640391210982,48,81.5104973826872,50,436,0.3813328742980957
87.71039349865549,46,79.84740172160275,48,1017,1.0975723266601562
98.62351160636148,52,91.0636884572735,54,601,0.544409990310669
86.98320158815686,46,80.89701457852637,48,591,0.5553207397460938
98.41779925877464,51,87.87088507052597,53,809,0.7787702083587646
87.65694853299094,47,79.68562994759633,49,506,0.45960402488708496
82.57132036123629,45,78.70313306153666,47,556,0.5267853736877441
95.87139597137318,50,88.13903362456435,52,525,0.4411306381225586
93.15908067570423,49,84.18143508730981,51,722,0.6827774047851562
81.99999999999999,42,76.52906683119932,44,414,0.32520318031311035
87.9551262326404,46,78.54836767043412,48,568,0.5127270221710205
99.02942195731336,53,89.74373988499997,55,753,0.6955115795135498
71.79406146681576,39,66.9859542984124,41,1336,1.423753023147583
77.95670281227406,42,71.981101052269,44,465,0.4067959785461426
80.01695576754298,44,73.34672798243459,46,518,0.48540234565734863
99.3668572876493,53,90.91187456007644,55,787,0.7713894844055176
94.96000153698931,49,91.57302331858322,51,707,0.6796057224273682
90.27761944295851,48,82.10407142886116,50,628,0.5713629722595215
88.64730681236861,46,80.62758676131803,48,569,0.5239176750183105
92.92524827409163,49,84.58752769464968,51,1250,1.3369808197021484
101.66097955640147,53,93.43452436791517,55,346,0.2821509838104248
87.89334608122373,47,79.27007530032547,49,794,0.7522451877593994
75.21372627007528,40,69.55771470248726,42,801,0.7764084339141846
79.64661093530212,42,73.98574921194985,44,881,0.8567168712615967
93.34824786449612,49,86.13940525987876,51,568,0.5376970767974854
94.73419885040735,52,85.7397473868641,54,682,0.6621325016021729
84.4012324804773,46,78.82073520076183,48,1069,1.1077337265014648
101.90700492093536,54,91.47955591426678,56,574,0.5270988941192627
92.44483834839656,49,86.08716563767044,51,497,0.45435285568237305
84.38279527997959,45,78.84097912178433,47,525,0.45929455757141113
83.06601211604386,48,77.96505529137372,50,574,0.5183062553405762
77.14581451394014,40,69.4931930154097,42,436,0.40424561500549316
75.61638896235768,40,68.93889550000601,42,668,0.6099910736083984
82.26733163799844,43,75.39835310606387,45,1240,1.4093925952911377
88.03593204243127,47,80.43043606457324,49,648,0.6388871669769287
77.34932787481958,41,69.15519988260667,43,1011,1.0264036655426025
85.39053343420346,45,78.28539233380164,47,1034,1.085590124130249
87.2387130059522,48,77.71334775825129,50,704,0.6804242134094238
87.25796612970264,47,80.66116435088682,49,611,0.5847392082214355
95.41828792639143,50,85.8343538673435,52,673,0.6330528259277344
82.69420072902811,44,77.06342287012102,46,860,0.8938674926757812
99.22588162804264,51,91.05329907268698,53,607,0.5630629062652588
103.82889611703582,54,93.95785399361047,56,670,0.6405067443847656
78.22206879210675,42,69.14385168201164,44,324,0.2810535430908203
82.06038636474494,43,72.1480600444878,45,543,0.5003530979156494
80.63424055710006,45,74.07200788274612,47,1071,1.122675895690918
98.82873984694392,54,89.23301044954714,56,857,0.8550248146057129
78.40517436743211,42,73.27811997006884,44,529,0.46224284172058105
77.85487374943743,41,71.43356121191107,43,653,0.6046009063720703
81.08754073063008,44,76.138800689988,46,314,0.2646801471710205
97.88029946076402,55,91.70333339792195,57,1219,1.4122862815856934
87.9777256926032,46,82.00439585000345,48,1346,1.5875825881958008
99.68818383956781,54,90.16992287940148,56,661,0.60416579246521
79.63431534552188,42,73.78098638458839,44,1150,1.2414937019348145
96.05575537424261,50,85.90583675064447,52,605,0.5476224422454834
79.48293001983356,43,74.31279596290513,45,614,0.542534589767456
88.75277019843998,47,79.3874719915172,49,586,0.5592286586761475
89.13703095129851,46,81.87586082916997,48,847,0.8406829833984375
96.43675444571798,52,84.88575073891916,54,498,0.44681477546691895
90.5242659294308,49,84.00769060186612,51,1346,1.6026008129119873
82.62808675778733,44,77.25015453691668,46,623,0.558988094329834
86.67239370737333,47,79.6637419120552,49,444,0.38327693939208984
82.30702807575791,43,75.60155495555165,45,707,0.6349616050720215
109.68131809216844,59,102.50037642361984,61,929,0.9430468082427979
77.37654918393294,42,70.40721951340082,44,831,0.8255674839019775
87.70585166193179,46,81.81494933821563,48,559,0.49389004707336426
80.49961607597729,43,72.87778222917845,45,774,0.77972412109375
78.92000361551246,44,73.23363980237507,46,956,0.9607253074645996
99.38114665411142,52,90.22513617270182,54,889,0.8989498615264893
90.45616891272721,49,83.9659272562223,51,677,0.5968892574310303
80.8211883183724,43,75.79254928052276,45,660,0.6171002388000488
90.12827544428737,48,82.27484395226928,50,402,0.33406710624694824
81.91768562199547,44,72.71117363181743,46,541,0.4638242721557617
85.43807205000823,45,78.97426977921137,47,706,0.6788790225982666
91.91275094697345,47,84.61659371540287,49,472,0.42451047897338867
102.62523501692468,53,94.2372612838463,55,529,0.4926578998565674
78.72356308720511,42,72.97305162283673,44,637,0.6026194095611572
78.93439486729118,42,71.17451900252516,44,693,0.6437036991119385
82.35924547570639,43,74.76476763460644,45,662,0.6244127750396729
87.06790484402798,46,79.15481164274213,48,743,0.7003648281097412
83.90812536384487,43,77.45785218579245,45,448,0.4139678478240967
94.0612145284869,49,87.38732581928811,51,437,0.3575770854949951
85.92141002544095,45,79.60091970690485,47,805,0.8058185577392578
91.08923620441875,47,85.20123136320701,49,462,0.3830893039703369
77.61245463574262,41,73.08735351888015,43,894,0.907818078994751
86.34379781660866,45,78.84120069583635,47,410,0.34038496017456055
79.72501075299418,41,74.165474760234,43,402,0.33471035957336426
87.07848524150712,49,79.72337118457399,51,1004,1.0745913982391357
86.77230411055443,48,77.15189684275136,50,721,0.7091500759124756
88.37427523601355,47,81.49294071279573,49,987,0.997394323348999
70.12106724068487,37,63.986691630745376,39,438,0.36839723587036133
87.34828669418931,47,78.70177058257516,49,767,0.719733476638794
79.89520334853808,44,72.75125752268967,46,719,0.6836731433868408
78.80315617777741,44,71.71503849527865,46,1012,1.0789921283721924
97.32787534311446,52,86.42342933534874,54,688,0.6309857368469238
87.5489662754618,48,80.36966567657711,50,1935,2.60103178024292
97.38115460776099,54,88.64690876923929,56,1832,2.501269578933716
79.69192375731946,43,72.01699289319369,45,879,0.8703975677490234
87.51335916985522,47,79.64633512563246,49,644,0.5953822135925293
89.56708235586656,49,82.46062111460213,51,1876,2.4756414890289307
72.84245515721518,39,68.46185216750457,41,504,0.4291880130767822
88.9723324993217,50,81.36928233706733,52,865,0.8783054351806641
83.8875439083019,43,76.94868145735306,45,327,0.2735259532928467
93.03959751119442,49,83.76268372719903,51,1108,1.1816725730895996
85.00736014309678,47,79.2794549587193,49,551,0.5046436786651611
95.03936462527857,49,87.0817983904145,51,425,0.36812686920166016
81.883853968804,43,75.29868832393565,45,443,0.4058573246002197
99.96329023138918,54,92.62874181894814,56,1305,1.4471757411956787
84.56640798198302,46,74.65307193717531,48,675,0.6291024684906006
78.8884080401872,42,72.69468584160042,44,654,0.6083037853240967
78.19863278058145,41,73.38347401835698,43,908,0.8988606929779053
90.22163017968603,49,83.56118565638161,51,995,0.9930484294891357
99.16950159653793,54,89.5536627844323,56,973,0.99257493019104
93.50543384217569,54,86.38960497800689,56,1116,1.1769261360168457
85.02944794798535,44,80.63788703459296,46,381,0.33243727684020996
79.44594831951434,42,75.62898815826945,44,427,0.3578824996948242
85.18262083574783,47,77.55963015589626,49,750,0.7076995372772217
89.30005158320361,46,82.73442409482827,48,438,0.36582040786743164
79.24139074480428,43,74.8048369129546,45,492,0.4162898063659668
98.31304580462164,53,90.31105052798351,55,865,0.8670356273651123
95.30752511790614,51,88.92017316136833,53,545,0.46221399307250977
84.57193161590287,46,75.28748515365848,48,1530,1.814126968383789
79.2526167061167,43,73.13654109967733,45,736,0.7028496265411377
87.61435634435489,49,81.23849604624691,51,1096,1.178926944732666
90.82098351083444,48,82.07852249154189,50,764,0.736236572265625
80.15664818492941,42,74.75292778587453,44,542,0.48621344566345215
78.0,40,72.13221608636175,42,267,0.2216489315032959
85.11995458250583,44,78.49269795713809,46,562,0.5033819675445557
75.41452019490086,40,68.83595059785806,42,609,0.5557022094726562
100.58220239647072,52,91.31239492173381,54,365,0.32739949226379395
93.044181497194,50,85.094202676594,52,1295,1.4867212772369385
93.03611650884088,50,87.01987681182472,52,443,0.3717916011810303
84.84455990808496,48,77.10799111643009,50,844,0.8038499355316162
85.8634031259312,45,79.78300617833943,47,345,0.29674553871154785
91.97841978923653,49,82.18074027702745,51,1113,1.1960821151733398
90.63201876387208,48,83.59681534178092,50,395,0.3543696403503418
89.57088204671702,49,81.86832724875809,51,650,0.630483865737915
78.72685929454663,42,74.24610287833045,44,772,0.7202103137969971
92.12971432812715,52,84.80521062017998,54,407,0.3616037368774414
88.04035987069032,48,80.79076142268977,50,1171,1.272634506225586
81.29395069893644,43,74.58403316639584,45,946,1.0013866424560547
93.1815118872547,49,85.3483268377727,51,521,0.46904897689819336
83.61921414879622,45,78.35664426804206,47,1326,1.559804916381836
79.56438318628686,43,74.61886474721668,45,1310,1.4650499820709229
85.40095941730536,44,79.94553565044974,46,477,0.4076347351074219
88.19976444422791,46,82.15767919084998,48,869,0.8907063007354736
95.33500339672861,50,86.88999068322275,52,660,0.6280546188354492
75.30707253155626,39,69.14186881716236,41,387,0.319469690322876
81.94818700620641,44,74.27214346954071,46,908,0.85440993309021
89.49366814832649,47,81.84285574182725,49,807,0.7546696662902832
77.7096061065282,41,70.09630006529541,43,365,0.32129430770874023
78.97977841766826,43,73.86514015016078,45,564,0.5270323753356934
85.16234260305924,46,77.47014798810602,48,1076,1.1219911575317383
97.54098949527891,52,84.78867143749106,54,689,0.6411964893341064
85.76194318920206,44,79.23509009035735,46,1012,1.0778164863586426
85.43089022764194,45,78.38047444874587,47,415,0.34686803817749023
77.93082729435025,42,72.27270952721847,44,420,0.363541841506958
86.04530720492895,45,78.28330585427318,47,632,0.5911791324615479
85.00131669539749,45,76.515904086555,47,687,0.6575198173522949
84.51661339293295,44,78.78433021288114,46,429,0.37989187240600586
80.09884803509765,44,75.52730069667741,46,967,1.0191311836242676
82.88734511191122,43,76.21538397772636,45,367,0.29531145095825195
89.97102746121585,47,83.81762822687642,49,646,0.6499171257019043
82.12545001884223,45,75.31315282579271,47,698,0.6714448928833008
92.30555528365501,49,82.41354118176334,51,587,0.5056290626525879
92.64957869875444,50,85.27636908665876,52,892,0.8939924240112305
85.22548751752046,46,78.46780460409659,48,1275,1.449965238571167
85.89288188120106,45,78.11333826698927,47,1136,1.2310442924499512
92.84373519375352,49,85.07175429050298,51,542,0.500255823135376
96.37750197813781,51,88.07642114518147,53,746,0.6950104236602783
82.25348267862483,44,72.81897162774075,46,429,0.39616966247558594
91.15066721828842,49,82.69126192953114,51,493,0.4524197578430176
95.2928354665617,51,85.98062476153324,53,759,0.7666230201721191
93.78618935218178,51,86.60925397927656,53,801,0.813300609588623
97.84344812491224,53,87.02088965477633,55,904,0.9121994972229004
94.67305929226093,50,86.21706377676196,52,581,0.5488390922546387
81.573332445246,45,75.35850968855115,47,680,0.6425983905792236
82.42301840793183,44,75.71056303346775,46,360,0.30499839782714844
91.01297291001129,48,82.43303938106322,50,591,0.5528314113616943
94.27996005182193,51,87.91563426466125,53,455,0.4474959373474121
87.70358832013461,47,80.98351629233834,49,498,0.44031453132629395
87.48491900963852,46,80.14605704327472,48,478,0.4211862087249756
93.43485093359186,49,87.90524666281978,51,478,0.4560368061065674
87.21611386318247,45,80.797819631482,47,565,0.5356156826019287
98.07135550018239,52,87.5821712702897,54,491,0.45463037490844727
84.3647855427107,45,77.99804251467604,47,1475,1.678025245666504
91.96684955929457,50,83.74508218559184,52,620,0.5966286659240723
87.01679902351637,46,80.87894696081538,48,954,0.9699788093566895
92.5717416750723,51,83.10158151407587,53,677,0.6229979991912842
86.49719163000297,47,77.36744643071944,49,749,0.7377848625183105
93.4872818259504,50,85.48552508071519,52,908,0.8672690391540527
80.54419136514181,43,73.26112522461091,45,776,0.7270715236663818
88.27535680071867,49,77.64425557139015,51,1041,1.1218211650848389
90.10813985550327,47,83.29254716009382,49,460,0.3904564380645752
86.814469588465,47,79.2853196163082,49,713,0.6736698150634766
79.00526998224854,42,74.73827023738929,44,826,0.8185136318206787
91.74990168830072,47,81.99135090078248,49,493,0.41419029235839844
85.75531783920465,45,79.60967292920539,47,374,0.32549238204956055
96.15209890459603,52,89.53811917591136,54,1282,1.451328992843628
81.77040416656169,43,72.413274389629,45,561,0.5054032802581787
81.81176245216123,43,77.45656528375184,45,221,0.17920184135437012
88.3902399307365,47,84.23428329219675,49,915,0.9464480876922607
101.4355821490535,55,95.48565722696667,57,1144,1.2867887020111084
82.65524991148973,44,73.87235146700887,46,863,0.832669734954834
79.60026057660566,43,72.82048903981168,45,366,0.2994883060455322
84.25740578698161,46,76.86174243201607,48,677,0.5964891910552979
91.41886271697595,50,83.24483407811924,52,349,0.2831447124481201
80.23825917949397,43,73.33526225555445,45,355,0.27039170265197754
78.12707624714953,43,71.91587275966494,45,675,0.6255178451538086
91.27211681976073,48,83.58349824941529,50,580,0.5313704013824463
81.58411620452667,45,76.31632207564247,47,634,0.5959475040435791
84.35610397393364,44,74.93788896170216,46,327,0.2570457458496094
91.5186346681009,49,84.49782796539014,51,291,0.2433474063873291
84.98315500310358,44,79.56209380428716,46,848,0.872560977935791
80.68939163192792,42,74.19233554392132,44,325,0.3030362129211426
86.11739613852671,45,80.97617282458991,47,685,0.6602623462677002
93.08844170812804,50,84.85504147050189,52,983,1.0594322681427002
88.83202592810082,48,79.03529471377956,50,803,0.7717196941375732
96.34138554202747,51,90.34657202302054,53,258,0.21196603775024414
86.65016684158385,46,78.9802570610923,48,600,0.5422744750976562
93.13225202641668,49,84.65868184060359,51,1298,1.4383399486541748
80.65902343806064,44,74.66048957130954,46,916,0.9285335540771484
80.51360721088886,42,75.11388049306566,44,543,0.46483898162841797
85.42079166223827,45,76.63343630457514,47,646,0.5701651573181152
82.41889871012327,44,74.48780829652284,46,429,0.36396169662475586
76.94215736952108,42,70.76217254030433,44,849,0.7930710315704346
82.98160341171877,43,77.68429199042559,45,558,0.5181128978729248
93.0364414541226,50,84.43596751093118,52,571,0.5246191024780273
80.91348768557923,42,73.32246341957966,44,486,0.4199342727661133
78.42561485731035,43,70.53890703957389,45,1629,2.0025582313537598
87.01916816517642,45,79.53530549565706,47,525,0.47150278091430664
83.73232071885994,46,78.14348172908011,48,1566,1.8431529998779297
84.21233907519954,44,77.62945432212652,46,273,0.21147632598876953
82.02890971042967,45,74.63014929051654,47,889,0.9291532039642334
95.84511425470525,50,87.40907107270169,52,559,0.5228610038757324
82.36537217375053,45,74.53070190209253,47,1420,1.6100411415100098
103.59889835958751,58,95.56180564157142,60,1883,2.4640121459960938
99.73813680090467,53,90.83202960124348,55,942,0.9565353393554688
87.23581339202727,46,78.70611989257847,48,415,0.34528017044067383
79.57221422894335,41,74.09784161769275,43,436,0.3571629524230957
85.44184259378845,46,79.47215617485602,48,761,0.7699041366577148
78.34539904788997,41,71.28416260620425,43,417,0.35223913192749023
86.95175320158778,46,79.7562839379692,48,598,0.5823853015899658
99.24950683807324,52,90.12998911363457,54,750,0.7069756984710693
80.56320574983148,44,75.78080755079404,46,894,0.8903825283050537
87.5133559536819,50,80.57954667889163,52,2220,3.251431465148926
85.92056040907714,46,76.71794343696679,48,709,0.6765251159667969
84.74576641749734,46,78.99282363184675,48,1212,1.3430430889129639
77.74304645689473,41,69.52319642842419,43,319,0.2982442378997803
96.77360284948409,50,89.82591871578691,52,405,0.33719682693481445
90.71263458080244,49,84.04619333034725,51,653,0.5987071990966797
86.74387578229225,48,79.56949423487883,50,1155,1.1959185600280762
85.55171635901834,45,79.20717773305255,47,606,0.5651545524597168
88.71341592238011,47,80.35734656226552,49,549,0.5254769325256348
99.94316914937835,54,93.2365208632855,56,705,0.6993460655212402
80.65350854635328,44,74.42123249532638,46,533,0.46078920364379883
94.66521538690216,50,88.62334573163446,52,721,0.685553789138794
90.79813908300329,48,84.01912649616845,50,691,0.6762640476226807
95.61037292782503,52,85.34431803172835,54,747,0.7160689830780029
92.3784337551571,49,84.19520468559409,51,785,0.7558643817901611
72.14255527431177,38,65.38800626372861,40,492,0.4245009422302246
99.01066826745556,51,88.44016988025427,53,964,0.9640178680419922
95.5231185328136,50,87.29179086918936,52,522,0.507512092590332
94.51039309278491,51,85.74977889787365,53,1321,1.5093944072723389
107.07971900889825,57,96.23703028639721,59,823,0.7880451679229736
97.20197612659784,51,87.46032123851373,53,683,0.6435015201568604
75.7295160542953,40,67.82687603898152,42,573,0.5112924575805664
80.0533208256766,44,74.09764465447086,46,849,0.8718822002410889
77.4508416658968,41,71.45851810904873,43,736,0.7144689559936523
96.65517671376776,51,87.81255355309086,53,573,0.5051603317260742
80.12966900784762,42,73.02016834163814,44,705,0.6500067710876465
86.29355322103723,45,81.41809205507369,47,567,0.5010285377502441
82.8814207485002,45,75.15462139825485,47,961,0.9595143795013428
77.91928115885541,41,72.31398586524256,43,510,0.43978214263916016
89.89891660784897,48,82.42641137539248,50,1083,1.2061958312988281
84.17402910757937,45,77.78724874063003,47,556,0.5049941539764404
86.55486662862913,47,80.58740317496455,49,638,0.5872302055358887
90.07686386484883,48,83.2734929309348,50,583,0.5400376319885254
90.0,46,78.78435911328974,48,533,0.4748530387878418
84.36993011445514,45,75.64134989610355,47,1085,1.167273998260498
91.56748301775532,47,82.81302158985964,49,391,0.3443295955657959
89.57930749505218,48,82.10033711284434,50,1048,1.0923168659210205
102.82271558235739,57,93.14660432750478,59,909,0.9838132858276367
75.56551195419432,40,69.81605571402417,42,339,0.2696187496185303
84.40563715154333,46,77.3508550767961,48,453,0.40021824836730957
79.02148836647689,42,73.62487311958347,44,687,0.6761336326599121
88.10675897929026,47,80.5032990560079,49,1165,1.2812938690185547
91.37367730225246,49,83.20545828574083,51,673,0.6467876434326172
73.3547269349172,40,67.20911390361508,42,360,0.3476595878601074
85.09338626875092,46,77.14536631379528,48,974,0.9539146423339844
80.73706900266714,42,72.47828389395808,44,279,0.22524452209472656
96.60068444948107,52,87.14792895515261,54,729,0.7400062084197998
84.56083022559926,45,78.14793506621368,47,242,0.18982148170471191
96.6879596152973,51,89.43219991815376,53,743,0.6888144016265869
100.209354059312,54,91.73520648711458,56,619,0.5647153854370117
76.0602888408871,40,71.4682321580109,42,542,0.4980177879333496
91.97861415041676,50,83.938912132199,52,625,0.5669360160827637
84.33380865363183,46,77.66394804626053,48,644,0.5938067436218262
94.04067739898045,49,87.85344803998791,51,382,0.3234570026397705
82.04974314388387,44,75.40743396422762,46,407,0.31864500045776367
93.64714210375317,49,86.58359760945346,51,742,0.6761302947998047
72.00647882288312,38,67.64025971931503,40,502,0.4576992988586426
86.31508869942621,45,78.91784341542203,47,466,0.41765856742858887
81.95399701169616,45,76.79085222117284,47,685,0.6965765953063965
93.75067323863645,49,85.76942328456298,51,804,0.837529182434082
80.50138626521533,43,74.3582003644797,45,678,0.6749622821807861
82.82961686253365,43,76.12311727937004,45,416,0.3715686798095703
96.50006768355314,51,89.1113292254496,53,634,0.6128320693969727
89.8944241411357,48,83.11792676840513,50,638,0.5768642425537109
85.42671731758091,44,78.39578042350703,46,367,0.33826494216918945
86.89435975752448,45,81.05576813869308,47,445,0.40435218811035156
82.24989674963318,43,78.09954601521643,45,418,0.3670487403869629
92.60984428209503,50,85.21196705497607,52,470,0.42313265800476074
93.50181658568474,51,85.89271897775329,53,535,0.4738326072692871
91.33849273268781,50,82.22985822184192,52,628,0.5745992660522461
76.35028035271216,42,70.78395891639354,44,1419,1.6495335102081299
88.78279327749522,46,79.50247479305037,48,431,0.3963968753814697
91.31743030650426,48,84.1638925785139,50,553,0.46553754806518555
86.68898008796381,47,79.94871703564581,49,604,0.5265638828277588
83.01696144930226,44,75.26542764472327,46,623,0.6042184829711914
82.65836355329428,44,75.17626302439304,46,280,0.24889063835144043
84.4880538548644,46,76.16646936853805,48,717,0.6903746128082275
104.87290920147757,56,94.91164200166413,58,663,0.6331386566162109
82.73677942131992,44,77.02065598134405,46,1064,1.1184089183807373
88.42842421656162,46,82.26268112730541,48,414,0.3361380100250244
91.00979274940364,49,81.79891340310321,51,539,0.49462056159973145
98.72411790481057,52,88.20571068860119,54,992,1.0698816776275635
87.29327158028164,46,79.34023730967219,48,624,0.545656681060791
86.3858128668734,45,81.03567747054295,47,451,0.3930513858795166
79.07474000153535,43,74.76124023047541,45,595,0.5440046787261963
85.90365410313451,45,79.24620222396214,47,629,0.5822415351867676
83.01038689436734,46,74.81189532896153,48,923,0.9560167789459229
92.87446049201333,49,86.06520894487045,51,2404,3.601853370666504
84.60666267238716,45,76.96255063907311,47,599,0.559190034866333
93.30529578229637,49,84.95448805505978,51,1361,1.6350691318511963
80.80286042529681,42,74.65800274808177,44,431,0.3670651912689209
85.02797291289907,45,77.16233889883141,47,459,0.39298295974731445
80.5981576858515,44,75.38094071821307,46,918,0.9456226825714111
93.9706004571395,50,84.08044559449849,52,385,0.34380578994750977
85.90726042974673,46,78.04685176094287,48,819,0.7850472927093506
97.61586803552235,52,89.38770492448583,54,916,0.9654388427734375
82.1695673156748,45,78.35657310553937,47,482,0.40950822830200195
77.20100954123536,40,70.5961830894564,42,536,0.5005369186401367
73.18548499514755,40,67.2456443481164,42,889,0.9062423706054688
78.03866539648108,44,72.4126544701321,46,827,0.7852344512939453
86.17410776270391,45,78.7072164995731,47,199,0.15922141075134277
74.46984694645509,40,69.8252735515327,42,705,0.6291842460632324
85.73788596047982,47,79.30976067528813,49,814,0.7616236209869385
84.6027082565809,47,80.03565671033853,49,620,0.5702433586120605
95.5251486531307,50,86.29041739576763,52,368,0.33882927894592285
82.6085662433101,43,74.04858226078385,45,325,0.2719917297363281
96.46382597560148,50,89.75490062448893,52,644,0.5973024368286133
80.60678400835205,44,75.14723341368996,46,1384,1.6137723922729492
77.1805433790902,42,70.91969442531277,44,982,1.009385347366333
66.2636736521658,35,62.10606623146623,37,117,0.08953666687011719
98.10231779429029,54,91.82105819849916,56,889,0.8573641777038574
84.75915808659978,46,78.2617354025466,48,915,0.9138889312744141
89.29123953568089,47,83.59046044738707,49,668,0.5867788791656494
89.48828458423256,48,85.52345764654184,50,958,0.9723641872406006
79.75762572514493,41,75.96690538493645,43,554,0.49673986434936523
88.0049872915603,47,79.28723707102094,49,746,0.7412741184234619
92.37034266694958,50,83.90951522925083,52,944,0.9958276748657227
78.39085260503614,42,72.79058801831043,44,385,0.32326340675354004
84.09516278368794,44,77.5061386371417,46,524,0.45311808586120605
94.10544052053514,49,87.08061244805587,51,570,0.5171830654144287
108.59996236177284,57,99.9034026483478,59,854,0.8406620025634766
79.2925117957875,43,75.52386882391649,45,773,0.7257587909698486
77.21192306891692,41,70.78923248506524,43,864,0.86376953125
90.48026370398212,49,81.59229189228759,51,1019,1.057208776473999
86.74490997854657,47,79.1510273674552,49,994,1.02988600730896
85.8652654022523,44,76.9787945030756,46,500,0.4153127670288086
79.95501382093256,43,70.95648616906631,45,418,0.3617427349090576
89.0626714965714,47,81.35879523824602,49,609,0.559441089630127
89.02771130829757,48,81.50460479252796,50,1823,2.2844972610473633
83.453689532008,43,77.79462442564578,45,306,0.23611855506896973
93.34881717919974,50,86.40904993350017,52,757,0.7341616153717041
88.78969530389287,46,79.35224828916525,48,491,0.4334115982055664
84.28572131177413,44,77.70068785129581,46,1441,1.6585373878479004
77.80265378734533,40,72.62678102730513,42,543,0.4614226818084717
81.06918138777196,44,76.45827827130913,46,788,0.7998087406158447
98.07174534695379,51,88.61325718917558,53,551,0.5044541358947754
85.13604059879681,44,78.89704571651974,46,217,0.17352509498596191
90.11943685436076,48,80.46727339870414,50,695,0.692157506942749
89.56656564943523,48,80.41350768243436,50,1269,1.432893991470337
81.73380492607625,43,75.45746189019778,45,499,0.41046762466430664
101.95632973062256,53,91.89731684748153,55,644,0.559730052947998
106.90226558346761,56,99.13696269606004,58,823,0.8177154064178467
100.43876820984983,52,91.81276145391833,54,630,0.5700139999389648
89.14640683221825,48,82.72516698000568,50,769,0.739051103591919
85.07649773681639,44,76.43076810605513,46,833,0.8059635162353516
89.71413526217547,46,81.50055994377173,48,318,0.267716646194458
85.90360081149149,46,79.63894212316167,48,537,0.492236852645874
95.61990373401161,51,89.19801579938044,53,380,0.34263134002685547
89.14029640270299,48,81.92458514037365,50,1792,2.3412320613861084
82.35126657751111,43,75.67516178941808,45,925,0.9100544452667236
87.79366926942583,48,81.1874933424104,50,980,1.024977207183838
92.9185877718816,48,82.609698501345,50,759,0.7925281524658203
89.31021695840994,47,82.34063708493103,49,835,0.774404764175415
83.47335997453163,43,78.45266528342162,45,723,0.6789348125457764
90.62159599517662,48,85.36314314423919,50,954,0.9307823181152344
87.25378405755221,46,81.59286013101395,48,565,0.5179932117462158
87.8503620388364,47,78.666288683417,49,674,0.6701977252960205
95.01976446947249,50,86.8011268795636,52,282,0.2431807518005371
94.91168137025804,49,88.53538397323193,51,631,0.6016554832458496
88.51753378247048,47,81.0422752461516,49,508,0.4828817844390869
80.47006877078601,43,76.17943987332958,45,804,0.7840816974639893
98.71913543892536,52,90.23244637916251,54,830,0.8434619903564453
97.02832982559718,51,87.80109142657003,53,680,0.6557571887969971
82.57333712881136,46,74.47893810320731,48,506,0.452329158782959
85.40234417067032,46,76.15704932477965,48,835,0.8064329624176025
86.57481681026374,46,79.80604615474184,48,1095,1.212395191192627
86.56511869147445,48,76.92267524772868,50,1074,1.1179096698760986
90.02436997960436,50,83.91673299466524,52,656,0.600569486618042
97.82110450881198,52,89.18020935168451,54,519,0.5130059719085693
91.09500149429451,47,82.877822089403,49,319,0.2964487075805664
79.60360149001139,41,72.29564999438584,43,285,0.23038935661315918
84.90530472983372,45,78.51750630444133,47,638,0.5971550941467285
99.66961059206321,53,89.51956325048137,55,578,0.5674803256988525
95.95107727680633,51,83.83004557830769,53,555,0.5111374855041504
83.82643320570703,43,75.17837143620952,45,361,0.3085191249847412
90.35882732685766,48,81.25161560551444,50,680,0.6056079864501953
101.54651875590368,52,92.2759140534149,54,576,0.5201458930969238
84.91632326623618,46,79.0331146464897,48,557,0.47467565536499023
98.69963521741153,53,86.9828795776708,55,776,0.8181829452514648
82.44304466832955,46,72.7856804969604,48,1119,1.2199411392211914
84.03768964667104,45,78.24276404788515,47,421,0.3720521926879883
75.2069512701345,40,69.33042250309683,42,748,0.7126052379608154
88.24802158710024,47,79.82701305316365,49,590,0.5351719856262207
88.67714288591908,46,82.16116016047759,48,401,0.3753070831298828
91.2142840107841,49,84.07284840448186,51,551,0.540424108505249
80.62493002676084,43,72.78247242917948,45,536,0.5016248226165771
78.9297217603478,42,72.61813844920769,44,728,0.6718618869781494
84.81107080760859,44,79.32257693576776,46,571,0.545133113861084
81.05325294432384,43,75.75479360234704,45,1076,1.1940054893493652
82.0885734246083,45,75.32141500683306,47,1294,1.4687528610229492
83.31075036105436,45,73.30026879716692,47,930,0.9093263149261475
77.8057735166245,41,71.80549000976237,43,914,0.921851396560669
87.94070488002363,46,84.09798610870904,48,549,0.5045211315155029
97.71791814874976,53,89.23136328617153,55,1108,1.1765985488891602
81.96686325373888,44,73.90465273266176,46,884,0.8786618709564209
93.2459857387352,48,85.22931241260737,50,432,0.3726480007171631
87.07748858011927,46,80.82886633299934,48,663,0.5875747203826904
88.84483430405858,47,83.0495917321944,49,1031,1.0905673503875732
80.16345433730416,43,72.61292353259549,45,792,0.7853946685791016
92.67621467506711,50,85.17940841794324,52,316,0.25983452796936035
90.33241693531589,48,80.57727117765953,50,772,0.7624664306640625
78.56475414476864,43,72.06248927504059,45,1007,1.0787885189056396
84.62699211411388,45,76.29073693354891,47,1002,1.0525767803192139
86.43069144106089,45,78.55440636824565,47,724,0.707831621170044
78.17840624979986,42,73.06678742371291,44,597,0.5363783836364746
110.038790144625,59,97.24745144882169,61,780,0.7672200202941895
88.24072636085256,47,81.2888943141835,49,1134,1.2227857112884521
77.87789375988726,41,73.09651127023605,43,331,0.28609704971313477
87.39841433202116,46,79.7238677186663,48,328,0.2714240550994873
84.3037297207515,44,75.83799437275027,46,288,0.22628092765808105
91.59467708274892,49,86.23268538738911,51,583,0.5566191673278809
79.46261991012035,42,73.87981879469271,44,491,0.43922996520996094
89.1609519150402,51,82.49849826322846,53,969,1.0320353507995605
87.12632649247776,46,79.03678222937835,48,800,0.8305256366729736
93.38937483271955,49,87.03552777809756,51,966,0.9929404258728027
89.47621036327786,49,83.68516641771113,51,601,0.5473289489746094
85.48816465586698,46,77.05180899768992,48,902,0.8909118175506592
83.834885329718,45,75.49345911179502,47,299,0.22952938079833984
82.04963372597757,43,76.77301997976045,45,997,0.9974579811096191
81.10606100483805,42,74.27373902041239,44,512,0.44635677337646484
89.76513165546606,50,78.20894398103482,52,1607,1.9522130489349365
90.95368270883726,47,82.62177840650895,49,396,0.3373839855194092
77.1192040989534,41,71.71854829356661,43,1270,1.3336684703826904
83.63264189172577,44,79.19247251123939,46,661,0.5827972888946533
88.83616420392629,47,79.09728942093221,49,528,0.4673173427581787
93.50048281355089,49,83.30449766594879,51,1028,1.0535025596618652
93.66271984779223,50,84.80718801790555,52,582,0.5079340934753418
81.2184554182104,44,75.19660134703498,46,840,0.8098862171173096
78.03114667511272,42,70.8001659609755,44,667,0.6603617668151855
93.03304577306332,50,85.6891469360121,52,630,0.6012575626373291
76.56976545717328,40,69.06510597736099,42,162,0.12039542198181152
81.66963437757352,43,74.93313019651892,45,341,0.2612783908843994
88.41638288655972,47,79.12403362640008,49,532,0.5060415267944336
80.9117285166,42,75.58683031385759,44,252,0.18237018585205078
84.34209073130704,46,76.18320539205202,48,568,0.5286378860473633
96.4504985543901,51,88.38242656771119,53,1309,1.5096054077148438
87.31664847068915,46,80.31417640837259,48,357,0.2919778823852539
94.70684580129502,50,83.76397775797146,52,1265,1.412978172302246
85.86589271063423,45,77.68638899547308,47,504,0.46689867973327637
76.57118852231385,41,70.22308982968151,43,801,0.7938311100006104
87.12491611303257,47,82.12916255053017,49,882,0.8908145427703857
77.12598707524704,42,71.89197912390732,44,675,0.6670498847961426
82.07891306064899,47,75.52055662718816,49,1078,1.1809139251708984
88.4449530997862,46,80.72197675141724,48,271,0.2178816795349121
90.18219850771351,47,82.98788137365811,49,592,0.5517866611480713
74.99498605718159,40,70.06480232914011,42,474,0.43419337272644043
93.04235474544771,49,84.54003380671612,51,492,0.43915462493896484
89.4851478961122,47,81.87253296888754,49,971,1.0390465259552002
88.73681606797076,48,78.84771286840136,50,1619,1.9710674285888672
86.99789676616751,47,77.76460305636363,49,861,0.832413911819458
93.63693356585489,50,85.91352609075696,52,436,0.37500476837158203
94.84271162337173,52,85.23523625131672,54,558,0.5318179130554199
86.1780910488095,47,79.7921119915276,49,511,0.44451427459716797
93.04067528320923,50,82.03064434326936,52,539,0.481611967086792
92.03614848450725,48,84.71747080027481,50,367,0.3144192695617676
84.75871578216959,45,79.10413723402831,47,428,0.3838353157043457
90.14963354249178,49,82.71061993683816,51,661,0.6274926662445068
89.46655752158534,48,80.37444695995268,50,813,0.7899596691131592
93.00330649615105,49,85.38288231036508,51,563,0.5290544033050537
82.35057951599981,45,76.9661512699486,47,1356,1.5631859302520752
85.33532266225437,45,78.97496639803985,47,705,0.7111504077911377
90.89046389830612,48,82.72840562667876,50,1040,1.063589096069336
88.8691208886653,46,80.46216558167967,48,582,0.5357139110565186
93.03021429496947,49,83.4005539514914,51,970,1.0084772109985352
83.49852540190423,44,77.24758485146518,46,517,0.4556272029876709
82.142714495758,43,76.90372269156636,45,773,0.725764274597168
86.45971872937098,45,77.89413608887442,47,489,0.43149876594543457
82.64232068958746,44,74.93177213263905,46,767,0.742156982421875
89.72892981406912,49,83.50654428366663,51,727,0.6797292232513428
86.34074223632517,45,77.80133193839637,47,872,0.8913412094116211
106.51583769833645,58,94.19194405873574,60,1439,1.7821402549743652
92.1223385647861,50,84.37573620910737,52,1400,1.605769395828247
88.75909976175899,47,82.11488136452691,49,1014,1.0634167194366455
83.0729625975865,44,73.74955560953688,46,790,0.7782354354858398
85.84207254712591,46,80.32498513448225,48,563,0.4981825351715088
101.88600426366298,54,92.54166887469313,56,1041,1.0919914245605469
80.20437403550544,42,74.21962204638862,44,315,0.268756628036499
99.24331128960058,53,90.10339245447672,55,905,0.8973071575164795
79.12314867765552,42,72.34760833178717,44,536,0.44875550270080566
74.51428070398306,43,69.60299912216223,45,930,0.9526348114013672
100.41713694478054,54,90.27907870140729,56,511,0.4459245204925537
92.83141790252647,49,83.4448092306048,51,578,0.5203025341033936
94.4902717314655,50,88.97666356338257,52,920,0.9421591758728027
85.43811754793266,46,76.3652967699071,48,290,0.24791216850280762
84.36559115664144,44,77.07232775780729,46,303,0.2259840965270996
93.332345165075,50,84.71488721584787,52,516,0.448742151260376
80.81328573817271,43,73.71739627701452,45,568,0.4972965717315674
81.99404845808404,43,74.09938346625859,45,310,0.25446105003356934
87.73133714553207,45,78.33082664013834,47,473,0.3971736431121826
92.96891640444505,48,84.95060389167648,50,354,0.29497814178466797
85.81545964956767,45,79.14200482368435,47,534,0.4882965087890625
96.90807393643496,52,85.28815853880859,54,679,0.6394181251525879
80.349725767602,43,74.10822514722628,45,1068,1.1584999561309814
84.01741255221327,44,77.75522321428906,46,874,0.8873782157897949
90.1934269164386,48,82.14006920669523,50,504,0.44362449645996094
83.81435488861595,43,76.07226776349749,45,317,0.2496047019958496
85.35588320865403,46,78.51486143884408,48,703,0.660559892654419
79.68053947173347,45,72.93792759120046,47,1576,1.916858434677124
89.69290450470163,47,80.38990451510915,49,337,0.2917618751525879
86.68063305468947,45,81.27917860087267,47,633,0.5854930877685547
77.8910122456379,42,72.28983223191742,44,502,0.4175684452056885
88.50994236231853,48,81.39646241598572,50,891,0.8818261623382568
85.23450409701026,46,78.49754108994973,48,439,0.3673362731933594
80.52937120748058,44,74.30941639839743,46,590,0.5433616638183594
86.09717244058437,46,78.90285519292067,48,517,0.4618849754333496
81.3897052929349,43,75.56596728128837,45,404,0.3783292770385742
94.6703187429805,49,86.9502535117547,51,729,0.6948859691619873
91.85031344293056,50,85.27544433386534,52,1117,1.235978364944458
81.77380325582162,43,77.78178607747826,45,636,0.5940225124359131
92.23604506044606,49,86.54453494725271,51,650,0.6144018173217773
93.81680297338961,48,87.088480135043,50,505,0.47948431968688965
83.71949229363969,45,78.10316415613502,47,843,0.819427490234375
75.33965725414225,39,70.25236849671103,41,131,0.10844135284423828
88.724540299782,46,80.90886577027393,48,603,0.5445609092712402
81.74248468970566,44,74.16861199191953,46,634,0.576016902923584
82.26573565389096,45,78.63938982463509,47,942,0.9564363956451416
79.21074935022672,41,72.40818483954403,43,343,0.28598785400390625
95.18144875780264,49,84.984073446799,51,348,0.3262968063354492
87.94577872611403,46,82.45717536312331,48,1006,1.0111665725708008
85.10334834455446,46,78.92418454719444,48,1758,2.1993753910064697
81.84795574543378,43,73.83201983476776,45,441,0.3900110721588135
76.49074820931708,40,71.26671069244253,42,292,0.24542689323425293
85.92707418340345,47,77.1059291148954,49,1108,1.1516032218933105
89.37778454199703,47,82.45832806492831,49,964,1.000159740447998
89.50237744408349,46,80.42312609617733,48,185,0.15132927894592285
84.79164016630526,44,78.10644120427831,46,562,0.5188028812408447
97.3324100787578,53,86.76722789692292,55,677,0.6721515655517578
78.35677577026611,43,71.78540606978645,45,529,0.487957239151001
92.20431956989147,50,85.43039196358784,52,788,0.794227123260498
97.13014462910249,50,85.1244103878898,52,823,0.8061249256134033
86.95945336284736,48,81.02951821939999,50,883,0.8246974945068359
96.78906338481241,54,87.14615220231691,56,1021,1.0766923427581787
89.34114313630023,48,81.81589940859814,50,1870,2.3755807876586914
79.01250170379419,44,73.67093905742615,46,726,0.6954293251037598
76.8804542986875,44,70.33901872733982,46,2372,3.476363182067871
81.92668563150178,42,75.66807257945422,44,622,0.5939350128173828
87.30798394506203,45,82.05334097599669,47,436,0.36751484870910645
81.42716743936913,46,75.05055436364562,48,1289,1.4763381481170654
82.76518878811002,43,76.09055764109875,45,286,0.22001409530639648
86.20811137179933,46,77.87342009669912,48,1197,1.2957053184509277
94.59161139619353,51,88.07615039999222,53,1094,1.1816282272338867
81.78475728394855,44,74.50754186688526,46,906,0.9388198852539062
91.74415088935662,48,82.63539982955034,50,858,0.8662176132202148
85.90137526162025,45,79.19608115009287,47,502,0.4466731548309326
85.57128369027038,45,80.04311648806085,47,411,0.3740882873535156
93.93435119490375,49,83.16410444274585,51,591,0.5196652412414551
88.0136440318629,47,77.03649072302142,49,1213,1.3191189765930176
81.37228967062686,44,72.74638108855218,46,810,0.7908668518066406
100.85481394715394,54,91.9307265959813,56,1299,1.415907621383667
84.33113796999135,45,78.18164607271709,47,363,0.313920259475708
88.03784152985922,47,81.02968757198124,49,1230,1.3775722980499268
81.14363112468443,43,74.85974703177067,45,523,0.45308780670166016
97.39521682549739,52,88.67613030565398,54,907,0.9215304851531982
88.21707924142572,48,80.1760973218568,50,1079,1.171062707901001
92.6381132680322,49,85.20428859994135,51,427,0.3866140842437744
68.26675520644224,37,62.4788967801472,39,550,0.5009174346923828
92.75106280491018,49,86.72009542047323,51,985,1.0028862953186035
101.0877627030072,54,90.93047030749544,56,588,0.5357491970062256
89.54280115517086,48,79.21634373184291,50,813,0.7297008037567139
74.41110802776134,41,68.95305981482677,43,646,0.5981616973876953
98.02335326024408,51,86.75653665892602,53,729,0.7060706615447998
83.40946582949009,44,78.51123203091964,46,572,0.5048031806945801
91.0913180810309,49,82.28600891726205,51,1109,1.209073543548584
95.57378123551115,52,87.13370147543355,54,679,0.6489200592041016
86.5868990510988,47,78.57876359359491,49,949,1.0004603862762451
86.2799637148773,46,78.3588038491431,48,267,0.2035524845123291
88.6868377336163,46,81.89916349419654,48,727,0.6806747913360596
98.57097808160131,52,87.9542806358111,54,515,0.4729917049407959
91.7335677260236,47,83.25032992507136,49,590,0.566779375076294
82.82427116334536,44,72.12873486998248,46,604,0.5466799736022949
78.48694919398605,41,71.81242269889293,43,567,0.5348234176635742
78.76367746447568,41,71.64645393275302,43,246,0.20175480842590332
91.12016539105024,48,84.0483662743658,50,898,0.9276762008666992
78.06580282478126,41,71.3927099511471,43,458,0.4174072742462158
87.38346255674706,47,78.88340278019487,49,730,0.7147207260131836
82.56005534108246,44,75.29964922849301,46,647,0.6086282730102539
82.07601110511422,43,72.66801864335848,45,557,0.48456263542175293
96.86538698061248,52,87.39062124655038,54,590,0.5420835018157959
91.87304281832951,49,86.29398955335955,51,696,0.6874513626098633
89.70954396319267,51,82.89199208839342,53,561,0.5196409225463867
92.98562644777701,51,83.42205637703334,53,1735,2.2163236141204834
85.62599381695071,48,76.76218506507786,50,1218,1.3819985389709473
77.79885445230094,41,74.51418487907665,43,720,0.664053201675415
91.33749013381832,49,81.88325512611108,51,825,0.7736341953277588
91.33059901229542,49,82.48484216155306,51,630,0.5871908664703369
100.36454963756847,52,93.58456380874675,54,828,0.8585374355316162
76.43962562254268,41,70.11989452879018,43,462,0.3952195644378662
96.11136793442078,53,87.59541397385266,55,687,0.6655142307281494
81.27254304340238,43,74.61191443383554,45,790,0.7938294410705566
98.76301636698796,52,90.62691885669322,54,851,0.8820271492004395
96.03670174744236,51,85.88649304695173,53,815,0.8084731101989746
87.95084472791565,47,80.52494495188999,49,865,0.8796544075012207
88.34096000825183,46,83.04519814056233,48,569,0.5642654895782471
96.8653652985165,51,88.26780634585563,53,501,0.44236302375793457
83.31645294317184,45,75.75561383615178,47,986,0.9749054908752441
95.55976548009126,51,87.50741001907956,53,760,0.728280782699585
74.34097116679901,40,67.48011340239162,42,480,0.41602277755737305
85.48166437984008,44,77.41460820403684,46,472,0.401597261428833
85.00976069983474,45,77.06677725762664,47,961,1.045381784439087
93.02369564643656,50,87.41532315202933,52,1066,1.133997917175293
93.43091502858259,50,86.8519147617185,52,1058,1.0999367237091064
85.41579397741715,47,77.11236207383213,49,1456,1.7373714447021484
89.57857337697094,46,82.77780691176493,48,836,0.8264932632446289
69.11411264694982,38,63.70315424846928,40,413,0.3467133045196533
78.98059230849529,41,71.43206153120312,43,260,0.21059799194335938
87.10774094886956,45,79.9895866219597,47,503,0.4615201950073242
87.0488281226449,47,79.2273002099176,49,665,0.6239161491394043
79.36106960738464,43,72.14049526999983,45,831,0.7834348678588867
78.90449065490576,42,74.78641331592561,44,564,0.517946720123291
83.02922377301391,43,75.5595943132396,45,299,0.2496020793914795
86.88491284209321,48,80.24727774512729,50,1025,1.0595238208770752
91.08804277947063,47,85.88695935967601,49,389,0.33377766609191895
85.40784513325394,48,78.21060003381976,50,1281,1.4357023239135742
92.12476924718237,50,86.06146301641367,52,705,0.6503007411956787
85.27381351106159,45,79.74626030472157,47,319,0.2438676357269287
93.22895232516498,51,84.73865628217268,53,1112,1.1856715679168701
91.6161636733894,49,85.96700873817768,51,1200,1.316648006439209
86.01571592365632,47,77.01300951596053,49,1030,1.0465359687805176
80.49667282812983,43,73.59045106921053,45,448,0.388293981552124
90.49884578568138,49,85.73384178011406,51,1181,1.2894914150238037
90.65302099804548,49,81.12952664897367,51,823,0.8312437534332275
79.39065536748448,45,70.83318511082437,47,1167,1.2486774921417236
95.30447461159035,50,85.32709796359022,52,749,0.7118265628814697
85.74267575464425,46,79.46460748241273,48,553,0.4681706428527832
76.33447076747674,41,70.85092586929703,43,569,0.48163795471191406
89.4757895261316,47,82.98199965399647,49,644,0.5852274894714355
99.10363811419033,51,89.03619001726764,53,554,0.5252492427825928
91.83006177141779,49,85.52784937701162,51,672,0.6359913349151611
88.55909664711665,46,77.55118966683526,48,239,0.19716358184814453
89.1364112305545,47,83.199563803239,49,437,0.39673852920532227
96.58378491044459,51,89.45968266887617,53,630,0.5916140079498291
92.6756670644659,50,81.47308734720728,52,1680,2.1666946411132812
79.86905731086078,41,73.77826612471684,43,408,0.3661932945251465
91.50511561388157,50,84.22518812485589,52,501,0.42567873001098633
88.85030450412472,47,81.63341552207925,49,763,0.7381634712219238
91.25416246833957,49,80.12392847446121,51,889,0.9136254787445068
79.9998609811678,42,70.93313061822758,44,411,0.3657863140106201
90.53722331999421,49,83.05613259541212,51,1378,1.6398382186889648
